{
  "objects":[
    {"type":"player", "position":[32,384]},
    {"type":"platform", "position":[0,448], "size": [640, 32]},
    {"type":"platform", "position":[0,0], "size": [32, 448]},
    {"type":"platform", "position":[0,0], "size": [608, 32]},
    {"type":"platform", "position":[608,0], "size": [32, 448]},
    {"type":"platform", "position":[32,416], "size": [32, 32]},
    {"type":"platform", "position":[32,256], "size": [64, 32]},
    {"type":"platform", "position":[256,32], "size": [32, 192]},
    {"type":"platform", "position":[208,224], "size": [80, 16]},
    {"type":"platform", "position":[160,240], "size": [16, 32]},
    {"type":"platform", "position":[240,256], "size": [16, 16]},
    {"type":"platform", "position":[288,352], "size": [32, 96]},
    {"type":"platform", "position":[320,384], "size": [64, 64]},
    {"type":"platform", "position":[288,144], "size": [288, 16]},
    {"type":"platform_fall", "position":[112,96], "size": [32, 32]},
    {"type":"platform_fall", "position":[160,64], "size": [32, 32]},
    {"type":"glue", "position":[288,224], "size": [32, 32]},
    {"type":"glue", "position":[384,368], "size": [16, 64]},
    {"type":"glue", "position":[592,384], "size": [16, 48]},
    {"type":"glue", "position":[592,224], "size": [16, 48]},
    {"type":"platform", "position":[32,288], "size": [64, 16]},
    {"type":"platform", "position":[64,432], "size": [224, 16]},
    {"type":"platform", "position":[128,224], "size": [16, 80]},
    {"type":"platform", "position":[32,224], "size": [48, 32]},
    {"type":"platform", "position":[80,128], "size": [128, 16]},
    {"type":"platform", "position":[32,32], "size": [16, 192]},
    {"type":"platform", "position":[32,32], "size": [64, 16]},
    {"type":"platform", "position":[240,32], "size": [16, 192]},
    {"type":"platform", "position":[128,224], "size": [80, 16]},
    {"type":"platform", "position":[208,240], "size": [80, 16]},
    {"type":"platform", "position":[320,368], "size": [64, 16]},
    {"type":"platform", "position":[384,224], "size": [16, 144]},
    {"type":"platform", "position":[288,160], "size": [288, 16]},
    {"type":"platform", "position":[384,432], "size": [224, 16]},
    {"type":"goal", "position":[288,112]}
  ]
}