{
    "name": "Tutoriel",
    "objects":[
        {"type":"player", "position":[64,416]},
        {"type":"platform", "position":[0,448], "size": [640, 32]},
        {"type":"platform", "position":[0,0], "size": [32, 448]},
        {"type":"platform", "position":[0,0], "size": [608, 32]},
        {"type":"platform", "position":[608,0], "size": [32, 448]},
        {"type":"platform", "position":[128,416], "size": [64, 32]},
        {"type":"platform", "position":[288,384], "size": [64, 64]},
        {"type":"platform", "position":[512,352], "size": [96, 96]},
        {"type":"platform", "position":[416,192], "size": [32, 32]},
        {"type":"platform", "position":[512,128], "size": [96, 32]},
        {"type":"damage", "position":[352,432], "size": [160, 16]},
        {"type":"text", "position":[32,256], "text": "Bienvenue chez Nubium !\nVotre objectif est d'atteindre le but.\nDéplacez-vous avec Q et D, sauter avec ESPACE\nou appuyez sur les boutons blancs.\nBonne chance !"},
        {"type":"text", "position":[256,352], "text": "Il y a des blocs qui ont des effets supplémentaires,\ncomme ce bloc rouge.\nSi vous le touchez, vous devez recommencer."},
        {"type":"text", "position":[320,48], "text": "Lorsque vous terminez le niveau\ncliquez sur l'élément de menu pour en essayer un autre !"},
        {"type":"goal", "position":[544,96]}
    ]
}